url_path,views_total,views_unique
/Intelligent-Driving-Laboratory/GOPS,174,101
/Intelligent-Driving-Laboratory/GOPS/tree/dev/gops,51,14
/Intelligent-Driving-Laboratory/GOPS/issues,27,8
/Intelligent-Driving-Laboratory/GOPS/tree/dev/example_train,27,8
/Intelligent-Driving-Laboratory/GOPS/tree/dev/gops/algorithm,20,6
/Intelligent-Driving-Laboratory/GOPS/tree/dev/gops/env,20,5
/Intelligent-Driving-Laboratory/GOPS/commits/dev,15,2
/Intelligent-Driving-Laboratory/GOPS/tree/dev/example_run,14,6
/Intelligent-Driving-Laboratory/GOPS/tree/dev,12,8
/Intelligent-Driving-Laboratory/GOPS/tree/dev/results,12,4
